{
  "vocab_sizes": [
    5000,
    10000,
    20000,
    32000
  ],
  "hessian_slopes": [
    -0.9999999999999998,
    -1.0000000000000004,
    -1.000000000000006,
    -1.000000000000002
  ],
  "condition_numbers": [
    4999.999999999999,
    10000.0,
    20000.0,
    32000.0
  ],
  "gd_iters_to_10pct": [
    133,
    143,
    153,
    160
  ],
  "sd_iters_to_10pct": [
    2756,
    2747,
    2727,
    4435
  ],
  "best_sd_etas": [
    0.0033032089795132593,
    0.004832930238571752,
    0.007071067811865475,
    0.005590169943749474
  ]
}